id,batchID,batchIDLastChangedAt,gameID,gameIDLastChangedAt,playerID,playerIDLastChangedAt,roundID,roundIDLastChangedAt
01JVBN5V2E9HJB8BACJTWA2280,01JVBMHNA90EKKKX609JT0733D,2025-05-16T00:20:58.062178-04:00,01JVBMHNAR5NR2TST62Y7DRP4C,2025-05-16T00:20:58.062178-04:00,01JVBMHXBZR4XGZEQ6E2ESYZ30,2025-05-16T00:20:58.062178-04:00,01JVBMKZ9DDS97G1JEM4C8P3CC,2025-05-16T00:20:58.062178-04:00
01JVBMKZBW16M44AAS7VCASWGM,01JVBMHNA90EKKKX609JT0733D,2025-05-16T00:11:12.636126-04:00,01JVBMHNAR5NR2TST62Y7DRP4C,2025-05-16T00:11:12.636126-04:00,01JVBMK8PW6W26ZNS87G9R4X6Y,2025-05-16T00:11:12.636126-04:00,01JVBMKZ9AS44EEG38X56PDKVS,2025-05-16T00:11:12.636126-04:00
01JVBMKZBW16M44AAS871V5Q95,01JVBMHNA90EKKKX609JT0733D,2025-05-16T00:11:12.636258-04:00,01JVBMHNAR5NR2TST62Y7DRP4C,2025-05-16T00:11:12.636258-04:00,01JVBMHXBZR4XGZEQ6E2ESYZ30,2025-05-16T00:11:12.636258-04:00,01JVBMKZ9AS44EEG38X56PDKVS,2025-05-16T00:11:12.636258-04:00
01JVBMV9TN6QQ4D1PCJG3TFWSN,01JVBMHNA90EKKKX609JT0733D,2025-05-16T00:15:12.725373-04:00,01JVBMHNAR5NR2TST62Y7DRP4C,2025-05-16T00:15:12.725373-04:00,01JVBMK8PW6W26ZNS87G9R4X6Y,2025-05-16T00:15:12.725373-04:00,01JVBMKZ9CZA3Z6SFCDV9DXGNK,2025-05-16T00:15:12.725373-04:00
01JVBMV9TN6QQ4D1PCJQA0ZRN6,01JVBMHNA90EKKKX609JT0733D,2025-05-16T00:15:12.725494-04:00,01JVBMHNAR5NR2TST62Y7DRP4C,2025-05-16T00:15:12.725494-04:00,01JVBMHXBZR4XGZEQ6E2ESYZ30,2025-05-16T00:15:12.725494-04:00,01JVBMKZ9CZA3Z6SFCDV9DXGNK,2025-05-16T00:15:12.725494-04:00
01JVBMYZ1ZZQARAT3GXZPWE6AJ,01JVBMHNA90EKKKX609JT0733D,2025-05-16T00:17:12.767688-04:00,01JVBMHNAR5NR2TST62Y7DRP4C,2025-05-16T00:17:12.767688-04:00,01JVBMHXBZR4XGZEQ6E2ESYZ30,2025-05-16T00:17:12.767688-04:00,01JVBMKZ9CZA3Z6SFCE7BXPTM0,2025-05-16T00:17:12.767688-04:00
01JVBMYZ1ZZQARAT3GYCWGW7MF,01JVBMHNA90EKKKX609JT0733D,2025-05-16T00:17:12.767821-04:00,01JVBMHNAR5NR2TST62Y7DRP4C,2025-05-16T00:17:12.767821-04:00,01JVBMK8PW6W26ZNS87G9R4X6Y,2025-05-16T00:17:12.767821-04:00,01JVBMKZ9CZA3Z6SFCE7BXPTM0,2025-05-16T00:17:12.767821-04:00
01JVBN25VACR6HTSQ96ENRGPQC,01JVBMHNA90EKKKX609JT0733D,2025-05-16T00:18:58.026333-04:00,01JVBMHNAR5NR2TST62Y7DRP4C,2025-05-16T00:18:58.026333-04:00,01JVBMHXBZR4XGZEQ6E2ESYZ30,2025-05-16T00:18:58.026333-04:00,01JVBMKZ9DDS97G1JEKJPD2EQ1,2025-05-16T00:18:58.026333-04:00
01JVBMQMK77T7MM030VRHA10BM,01JVBMHNA90EKKKX609JT0733D,2025-05-16T00:13:12.679381-04:00,01JVBMHNAR5NR2TST62Y7DRP4C,2025-05-16T00:13:12.679381-04:00,01JVBMHXBZR4XGZEQ6E2ESYZ30,2025-05-16T00:13:12.679381-04:00,01JVBMKZ9BJMS3DVWFF9H96RKB,2025-05-16T00:13:12.679381-04:00
01JVBMQMK77T7MM030VY47T47T,01JVBMHNA90EKKKX609JT0733D,2025-05-16T00:13:12.679555-04:00,01JVBMHNAR5NR2TST62Y7DRP4C,2025-05-16T00:13:12.679555-04:00,01JVBMK8PW6W26ZNS87G9R4X6Y,2025-05-16T00:13:12.679555-04:00,01JVBMKZ9BJMS3DVWFF9H96RKB,2025-05-16T00:13:12.679555-04:00
01JVBN25VACR6HTSQ96R69KPNG,01JVBMHNA90EKKKX609JT0733D,2025-05-16T00:18:58.0264-04:00,01JVBMHNAR5NR2TST62Y7DRP4C,2025-05-16T00:18:58.0264-04:00,01JVBMK8PW6W26ZNS87G9R4X6Y,2025-05-16T00:18:58.0264-04:00,01JVBMKZ9DDS97G1JEKJPD2EQ1,2025-05-16T00:18:58.0264-04:00
01JVBN5V2E9HJB8BACJGN24VG0,01JVBMHNA90EKKKX609JT0733D,2025-05-16T00:20:58.062047-04:00,01JVBMHNAR5NR2TST62Y7DRP4C,2025-05-16T00:20:58.062047-04:00,01JVBMK8PW6W26ZNS87G9R4X6Y,2025-05-16T00:20:58.062047-04:00,01JVBMKZ9DDS97G1JEM4C8P3CC,2025-05-16T00:20:58.062047-04:00
